"Date","Natural_Increase_NSW","Net_Overseas_Migration_NSW","Net_Interstate_Migration_NSW","Change_Over_Previous_Quarter_NSW","Natural_Increase_VIC","Net_Overseas_Migration_VIC","Net_Interstate_Migration_VIC","Change_Over_Previous_Quarter_VIC","Natural_Increase_QLD","Net_Overseas_Migration_QLD","Net_Interstate_Migration_QLD","Change_Over_Previous_Quarter_QLD","Natural_Increase_SA","Net_Overseas_Migration_SA","Net_Interstate_Migration_SA","Change_Over_Previous_Quarter_SA","Natural_Increase_WA","Net_Overseas_Migration_WA","Net_Interstate_Migration_WA","Change_Over_Previous_Quarter_WA","Natural_Increase_TAS","Net_Overseas_Migration_TAS","Net_Interstate_Migration_TAS","Change_Over_Previous_Quarter_TAS","Natural_Increase_NT","Net_Overseas_Migration_NT","Net_Interstate_Migration_NT","Change_Over_Previous_Quarter_NT","Natural_Increase_ACT","Net_Overseas_Migration_ACT","Net_Interstate_Migration_ACT","Change_Over_Previous_Quarter_ACT","Natural_Increase_AUS","Net_Overseas_Migration_AUS","Change_Over_Previous_Quarter_AUS"
"Jun-1981",11516,9281,-6330,NA,7302,5533,-3330,NA,6191,4630,8558,NA,2474,1301,-1675,NA,3579,3776,680,NA,962,194,-274,NA,733,400,1806,NA,847,-131,565,NA,33604,25575,NA
"Sep-1981",9559,13284,-7768,14566,7353,8237,-4897,10416,4920,4541,11740,22269,2155,2279,-1846,2466,3379,5101,2002,11228,927,268,-480,701,510,279,1264,2570,777,152,-15,1201,29580,34141,65417
"Dec-1981",9181,13295,-4528,17439,7191,8505,-4354,11065,4756,4514,10128,20466,2359,2692,-988,3941,3375,4375,441,8937,880,302,-810,358,664,416,935,2532,856,383,-824,702,29262,34482,65440
"Mar-1982",11081,12477,-3824,19225,8492,7606,-3393,12428,6331,4008,7005,18412,2374,1844,-602,3494,3639,4600,494,9479,1075,207,-106,1162,675,215,468,1875,842,419,-42,1506,34509,31376,67581
"Jun-1982",11097,10337,-3464,17461,7310,6796,-1785,12044,6081,4502,6580,18231,2294,1705,-1439,2438,3751,4081,621,9199,887,153,-626,400,529,273,-598,721,786,271,711,2055,32735,28118,62549
"Sep-1982",8270,9593,-5094,12266,5808,6164,-1840,9861,4827,4244,8184,18326,1886,1950,-722,2982,3330,4584,504,9197,844,185,-555,463,617,93,-47,1203,785,80,-430,733,26367,26893,55031
"Dec-1982",10933,6138,-4193,12375,7572,4394,-1739,9956,5350,1412,5730,13563,2197,1568,60,3693,3340,2362,394,6875,789,216,-328,666,531,22,174,1267,809,209,-98,1218,31521,16321,49613
"Mar-1983",12635,6483,-2809,15806,8082,5952,-1196,12567,6857,1876,3430,13234,2619,1783,140,4410,3685,2405,34,6903,1001,188,-487,691,676,244,285,1745,811,283,603,1995,36366,19214,57351
"Jun-1983",10994,3526,-5085,8932,7916,3164,-361,10448,6926,1089,3487,12573,2404,1116,194,3582,3961,1858,578,7176,973,22,156,1140,606,123,118,1387,812,-31,913,1992,34592,10867,47230
"Sep-1983",9047,5174,-2955,10785,7339,3664,-1221,9483,5906,1187,2932,11091,2261,1253,406,3778,3324,1607,444,6194,938,128,54,1104,488,432,569,2026,795,199,-229,1072,30098,13644,45533
"Dec-1983",10084,4901,-3333,11171,7226,3525,-1139,9313,5340,426,3080,9912,2677,1032,88,3655,3748,979,221,5767,831,271,105,1191,630,16,394,1577,894,120,584,1905,31430,11270,44491
"Mar-1984",11563,4748,-1565,14265,8542,3623,-155,11711,6391,391,2310,10158,2801,829,-185,3303,3449,862,-263,4867,968,131,-5,1078,744,87,-221,1147,779,346,84,1516,35237,11017,48045
"Jun-1984",10569,5875,-2414,13549,7489,3918,-825,10283,6450,1263,1637,10416,2580,855,244,3537,3390,820,330,5359,928,129,541,1582,670,297,-16,1488,816,10,503,1636,32892,13167,47850
"Sep-1984",8998,7967,-2640,13807,6524,5051,-1255,10057,5113,2196,3683,12117,2356,948,-601,2563,3627,1673,443,6580,813,201,106,1106,567,242,417,1780,789,193,-153,1147,28787,18471,49157
"Dec-1984",10004,7376,-1646,15216,7409,5112,-1167,11091,5097,1241,3639,11102,2215,1320,-673,2722,2657,1788,-67,5215,828,243,147,1204,663,140,2,1359,794,-52,-235,825,29667,17168,48734
"Mar-1985",12501,9033,-1219,19797,8459,6233,-2328,12101,5767,2081,3401,12374,2566,1118,-156,3388,3776,2362,370,7345,1067,187,14,1254,702,350,-237,1369,787,495,155,1755,35625,21859,59383
"Jun-1985",10401,6903,-3823,12963,7877,3762,-1049,10327,6297,2147,2197,11766,2560,943,-887,2476,4155,1971,1224,8187,870,138,510,1504,570,324,426,1874,808,22,1402,2550,33538,16210,51647
"Sep-1985",7934,9472,-3549,13742,6245,6503,-2754,9728,4500,2639,4012,12150,1693,1272,-659,2127,3073,2820,2104,8806,829,179,-284,720,723,386,466,2060,775,303,664,2057,25772,23574,51390
"Dec-1985",10244,11725,-3641,18213,7610,7440,-4159,10625,5234,2892,4607,13732,2476,1414,-197,3514,3268,3421,2032,9530,789,222,21,1028,679,225,371,1760,842,339,966,2462,31142,27678,60864
"Mar-1986",11629,10523,-2127,19910,7431,6925,-3458,10632,5512,2733,3861,13105,2548,1201,-91,3479,3774,3249,2522,10354,836,341,-26,1147,719,267,-543,928,689,511,-138,1377,33138,25750,60932
"Jun-1986",9623,9202,-3145,15149,7808,5552,-2830,9803,6533,3118,4020,14390,2513,1197,-470,2233,4177,3546,2770,11765,864,148,151,750,674,327,-787,1137,802,267,291,1625,32994,23357,56852
"Sep-1986",8403,12290,-2476,18402,7218,7321,-3195,11086,5345,3418,4157,11882,2089,1560,-1094,2290,3448,4211,2068,9394,904,208,-229,852,685,278,142,1150,723,306,627,1635,28815,29592,56691
"Dec-1986",12709,12826,-1397,24323,7530,8440,-3812,11900,5120,3250,4969,12301,2263,2005,-1344,2659,3530,4507,1281,8985,892,309,-260,910,576,185,201,1007,860,442,362,1643,33480,31964,63728
"Mar-1987",9839,14819,-2887,21956,8036,9715,-3921,13572,5556,3066,6292,13876,2566,1430,-794,2937,3442,4814,1584,9507,891,190,-688,362,822,315,15,1197,778,709,399,1865,31930,35058,65272
"Jun-1987",10350,12758,-2764,20529,7772,7360,-2177,12697,5754,3437,4300,12453,2133,1205,-745,2328,4251,3782,1643,9343,828,163,-331,629,619,244,-478,430,726,167,552,1424,32433,29116,59833
"Sep-1987",9509,15572,-2003,23163,7118,10088,-3371,13596,4640,4387,4950,13022,2031,1464,-48,3183,3706,4757,918,9046,728,291,-847,147,750,330,-185,937,773,545,586,1898,29255,37434,64992
"Dec-1987",14206,15170,-3141,26320,7032,8841,-4396,11238,4554,4459,7329,15387,1974,1446,-144,3012,3053,4200,1143,8061,706,206,-440,447,662,98,-904,-102,833,32,553,1412,33020,34452,65775
"Mar-1988",8547,18575,-4029,23178,8294,11808,-4823,15040,5691,6643,9097,20476,2252,1841,-459,3370,4546,6916,1094,12221,791,335,-349,752,614,356,-1093,-81,826,788,562,2170,31561,47262,77126
"Jun-1988",9821,12173,-4167,17912,8141,6515,-1833,12584,5573,4953,6344,15915,2232,1201,-589,2580,3835,4972,1119,9591,830,59,-288,576,729,243,-947,67,740,77,361,1172,31901,30193,60397
"Sep-1988",9053,21495,-7495,23022,7253,12862,-2076,17807,4843,7507,8992,20482,1787,2589,-333,3796,3545,8057,1590,12875,677,284,-194,757,560,316,-143,778,813,477,-341,958,28531,53587,80475
"Dec-1988",12550,16998,-7594,21923,7720,10603,-3167,14924,5651,5861,9828,20480,2194,1533,138,3618,3685,6079,1425,10872,934,184,-232,876,660,168,-141,732,940,326,-257,1018,34334,41752,74443
"Mar-1989",12245,16594,-11342,17466,8844,11191,-5125,14678,5872,5637,15327,25976,2581,1708,573,4615,3881,6773,461,10798,805,264,92,1151,545,382,-458,514,842,439,472,1762,35615,42988,76960
"Jun-1989",10588,7549,-11543,6563,7796,4758,-2136,10186,5966,2771,12915,20792,2102,835,-599,2091,4242,3256,1541,8722,775,24,537,1326,733,78,-727,129,706,-162,12,565,32908,19109,50374
"Sep-1989",5708,14092,-10427,9342,7117,8958,-2340,13373,4898,4024,11289,19408,1490,1506,-170,2642,3694,4972,1338,9752,725,159,681,1572,611,266,-406,495,777,211,35,1038,25020,34188,57622
"Dec-1989",12189,14459,-9163,17454,7866,9150,-1966,14688,4890,3434,9441,16962,2089,1749,136,3790,3691,3728,872,8039,818,309,446,1580,703,106,-410,423,832,258,644,1749,33078,33193,64685
"Mar-1990",10140,13847,-8884,15072,9598,10226,-3139,16323,6762,3037,11167,20163,2457,1540,267,4080,4365,4905,716,9734,934,238,481,1660,639,280,-502,441,954,577,-106,1440,35849,34650,68913
"Jun-1990",13609,9801,-7509,15870,9111,5679,-384,14044,7064,2647,6205,15113,2217,967,-485,2515,4023,3233,86,7090,875,54,1182,2118,752,266,148,1190,811,-31,757,1552,38462,22616,59492
"Sep-1990",10339,10649,-5141,15513,8473,6884,-2322,12591,6011,2596,6175,14255,1998,1168,446,3441,3923,2951,267,6799,688,116,412,1281,767,268,-332,664,699,224,495,1460,32898,24856,56004
"Dec-1990",12633,7053,-6389,12963,8802,4374,-3208,9524,5710,990,9002,15175,2253,1016,287,3385,3638,1717,-471,4542,833,59,94,1051,617,28,49,655,891,-228,636,1341,35377,15009,48636
"Mar-1991",11579,12878,-3372,20751,9146,9336,-5335,12703,6377,4082,8867,18799,2545,1540,575,4489,4202,4218,-1111,6967,858,272,155,1350,670,215,-537,309,912,576,758,2288,36289,33117,67656
"Jun-1991",12541,5916,-2304,15483,8529,2919,-3988,6963,6949,2075,5665,13439,1971,895,237,2928,4401,1719,-476,4710,881,-39,155,932,789,110,-332,137,961,-145,1043,2020,37022,13450,46612
"Sep-1991",10526,11509,-2989,17983,7932,6637,-4626,9036,5929,3210,7384,15033,1908,1103,156,2738,3670,2982,-185,6679,739,51,91,934,688,210,90,1223,819,110,79,1197,32211,25812,54823
"Dec-1991",11305,4838,-3719,11358,8493,2586,-4506,5674,6086,812,9047,14457,2095,477,-325,1825,3624,909,-87,4662,791,2,-30,813,644,-130,-419,327,994,-204,39,1006,34032,9290,40122
"Mar-1992",13105,11443,-5164,18314,9173,7741,-5954,10058,7046,3291,11028,19881,2544,1127,50,3298,4049,2866,-293,6836,929,60,-154,884,736,160,-56,1074,851,384,543,1961,38433,27072,62306
"Jun-1992",11054,3388,-1935,11436,7921,1398,-3341,5076,6785,937,6640,12876,2048,190,-539,1282,3927,908,-749,4300,767,-77,-196,546,858,-76,-584,429,781,-262,704,1403,34141,6406,37348
"Sep-1992",11050,6423,-3407,12932,8227,3914,-6596,4619,5806,2169,11467,17951,1833,634,-1324,736,3637,1815,534,6211,723,95,-417,464,668,81,-431,555,886,-38,174,1200,32830,15093,44668
"Dec-1992",11571,1890,-5250,7069,8498,935,-5120,3383,6301,-113,11289,15989,2088,184,-810,1063,3432,336,-230,3760,835,-38,-44,815,706,-86,462,1319,868,-321,-297,432,34299,2787,33830
"Mar-1993",12716,6812,-5784,12601,8826,4882,-7738,5046,7057,2476,16153,24193,2249,945,-2136,654,3905,2859,-1252,5735,830,182,-471,606,741,100,-182,899,849,246,1410,2685,37173,18502,52419
"Jun-1993",11364,-2497,-3094,4631,8130,-1766,-5934,-499,6905,-813,10253,14854,2298,-217,-940,737,3830,-370,796,4472,750,-136,-562,123,742,-51,-548,389,835,-490,29,549,34854,-6340,25256
"Sep-1993",10665,8122,-2998,14604,7733,3824,-8573,2028,6503,2385,12267,19658,1910,937,-786,1674,3442,2221,360,6250,761,99,-351,587,688,116,126,1176,790,97,-45,277,32506,17801,48905
"Dec-1993",11399,3199,-2895,10512,8328,1057,-6473,1944,6378,118,10143,15143,1826,163,-799,796,3467,850,842,5376,843,-26,-490,409,726,-57,-215,706,831,-445,-113,460,33806,4859,35377
"Mar-1994",12350,8097,-2330,16925,8838,4946,-8543,4272,6803,2279,12793,20379,2393,899,-1445,1455,3919,2952,1096,8186,824,118,-862,160,743,78,-425,647,852,170,-284,923,36734,19539,52988
"Jun-1994",10359,2511,-3957,7723,7679,871,-5606,1979,6501,459,9733,15201,1878,-5,-948,532,3671,695,1527,6115,688,1,-404,356,723,58,-361,671,817,-240,16,781,32321,4350,33390
"Sep-1994",9484,12369,-2412,18239,6958,6111,-5694,6389,5616,4131,9339,17582,1572,937,-1504,625,3571,3563,1487,8871,617,175,-409,473,642,265,-519,635,824,216,-288,940,29292,27767,53789
"Dec-1994",11082,2602,-3658,8814,8311,1405,-4907,3827,6446,-160,9954,14729,1958,38,-1357,263,3488,751,541,5029,845,-82,-753,104,693,-86,367,1218,766,-618,-187,155,33598,3850,34176
"Mar-1995",11907,9776,-4447,16038,8516,6915,-6357,8084,7243,3049,10659,19437,2440,943,-2214,786,4133,3269,1698,9358,792,190,-746,335,803,117,778,1931,848,437,629,2099,36697,24696,58117
"Jun-1995",10610,11205,-2961,17650,7563,4864,-5062,6371,6749,3560,10272,19066,1983,965,-1994,577,3602,2925,1375,8159,722,27,-748,104,744,171,-242,910,812,95,-640,450,32796,23812,53332
"Sep-1995",9602,12797,-2527,19088,6873,6962,-4088,8726,6248,4134,8643,17737,1839,1024,-2144,419,3498,3651,1123,8722,714,143,-623,426,754,238,-188,1096,804,193,-196,1042,30339,29142,57294
"Dec-1995",10234,14384,-4506,19323,7243,7435,-2698,10967,6047,2967,8898,16626,1669,980,-1493,846,3181,3203,317,7145,583,46,-614,207,626,146,1068,2131,814,53,-972,142,30412,29214,57440
"Mar-1996",10978,11172,-5522,15835,7665,6772,-3203,10220,6658,2902,9495,17764,2212,896,-1465,1338,3699,3182,1188,8512,713,115,-884,134,718,61,-46,1030,759,42,437,1490,33412,25142,56370
"Jun-1996",9970,9692,-2215,16655,6719,4523,-2811,7411,6348,3048,5578,13685,1780,753,-1090,1136,3575,2303,1438,7761,511,94,-469,323,731,124,-506,657,685,102,75,1117,30321,20639,48781
"Sep-1996",9227,13982,-3401,19790,6606,7794,-2606,9496,5575,4814,6409,15407,1432,1069,-1209,1255,3242,3967,1289,8248,633,164,-650,126,692,321,647,1713,782,179,-467,598,28198,32287,56556
"Dec-1996",12080,9484,-3241,18297,7745,4343,-1361,8424,6114,1946,5321,11980,1796,758,-855,1663,3464,2888,994,7102,654,82,-919,-202,629,67,365,1113,807,-190,-292,428,33309,19376,48756
"Mar-1997",11166,11134,-2519,19755,7470,7982,-684,12452,6527,4506,3561,13198,2051,1143,-710,2445,3923,4309,1795,9789,640,32,-740,-85,707,125,-2,881,712,132,-688,255,33205,29354,58631
"Jun-1997",10804,2691,-1500,11964,6842,959,-1544,3941,7370,1354,4314,11640,1672,136,-544,1216,3529,1116,582,4996,517,-24,-1016,-536,705,28,744,1532,742,-191,-1023,-377,32194,6062,34327
"Sep-1997",8534,9222,-3144,14600,6093,5593,-539,8878,5750,4116,5274,13767,1407,813,-468,1713,2970,3021,676,6459,433,-20,-791,-380,684,262,-62,939,646,-79,-934,-275,26527,22942,45681
"Dec-1997",11009,6668,-3555,14099,7447,2683,126,7981,5754,1831,4995,11210,1650,758,-743,1632,3253,2355,727,6128,547,9,-864,-313,648,-2,-139,565,711,-247,-536,23,31030,14044,41286
"Mar-1998",10460,12292,-2425,20294,7408,9464,117,14716,6635,4901,2925,13089,2074,1382,-283,3134,3761,5019,1312,9884,625,88,-952,-233,755,191,-203,802,766,360,-477,745,32491,33708,62412
"Jun-1998",10042,3661,-3125,10539,6774,1573,26,6098,6508,1642,4230,11001,1471,207,-502,1133,3732,1598,512,5628,499,-38,-1026,-552,738,109,-68,844,713,-276,-35,506,30486,8468,35168
"Sep-1998",9193,11777,-2663,18312,6213,6753,-427,10338,5821,3479,3638,11592,1279,209,-144,1310,3408,4190,838,8263,605,120,-750,0,609,167,-54,798,682,-161,-427,200,27817,26536,50797
"Dec-1998",10940,7498,-3750,14679,6799,5758,1678,12037,5675,2460,4640,11429,1720,1330,-552,2462,3558,2271,-281,5375,660,343,-1007,20,597,374,-363,687,770,44,-353,568,30727,20069,47239
"Mar-1999",10914,13771,-2909,21762,7680,9803,526,15807,6818,5535,3682,14691,2100,1000,-381,2687,3688,4634,77,8225,680,-98,-862,-261,742,218,-174,861,759,239,54,1166,33387,35083,64905
"Jun-1999",10258,8042,-3728,14551,6385,2377,750,7310,6122,2236,4722,11740,1652,143,-554,1205,3855,2286,-338,5633,713,-194,-698,-159,801,247,-362,761,722,-347,220,705,30511,14795,41739
"Sep-1999",9676,11258,-2970,17997,7019,7544,689,13164,5774,3903,4057,12463,1419,1018,-326,2096,3159,5502,-448,8097,512,179,-600,151,637,429,-364,795,695,-115,-26,662,28904,29714,55416
"Dec-1999",10369,10763,-4295,16871,6997,5122,1918,11955,5843,5497,4572,14635,1611,1528,-943,2188,3547,1570,-767,4232,518,228,-686,113,599,173,83,950,622,-264,130,598,30113,24618,51530
"Mar-2000",11374,14023,-3580,21855,7277,11255,1529,17979,7000,5258,5133,16113,1828,1213,-1425,1610,3791,5113,-674,8106,569,84,-687,9,744,178,-472,547,686,304,189,1300,33281,37425,67501
"Jun-2000",10483,7645,-3429,14732,6449,3061,1083,8505,6035,2856,4691,12311,1448,70,-837,675,3332,1808,-298,4722,490,-56,-659,-180,742,162,-154,845,793,-24,-384,504,29779,15518,42091
"Sep-2000",9137,13329,-3427,19056,6241,8744,1226,14371,6012,4421,4653,13988,1147,877,-618,1431,3538,4098,-660,6991,476,-48,-649,-88,643,279,-374,667,662,204,-145,844,27862,31895,57238
"Dec-2000",11361,12348,-4272,19467,6782,6403,1082,12419,6055,3382,5890,14224,1385,566,-789,1195,3352,3946,-869,6447,563,12,-538,165,654,81,-621,229,747,-133,122,862,30909,26603,54996
"Mar-2001",10883,22036,-4182,28763,6832,15900,1986,22870,6724,8873,4301,18796,1691,1276,-821,2170,3705,5715,-669,8764,589,129,-393,462,763,240,-374,744,692,611,158,1585,31885,54780,84145
"Jun-2001",10020,10906,-4434,16505,6581,4289,869,9890,6597,4327,5180,15003,1272,46,-190,1162,3371,2504,-912,4979,419,8,-556,6,792,278,-223,954,581,37,272,1012,29650,22395,49520
"Sep-2001",9475,11376,-4092,14542,7029,3759,1020,12437,6235,7832,5363,19500,1316,520,-509,1531,3228,3932,-627,5940,386,-29,-392,-138,693,217,-414,252,618,111,-342,404,28986,27712,54406
"Dec-2001",9757,12872,-6814,13593,6689,5614,1229,14160,5842,6491,7833,20234,1195,1468,-32,2833,3164,4196,-1229,5538,534,421,-503,360,681,61,-740,-244,584,76,265,932,28457,31189,57354
"Mar-2002",11439,14230,-6631,16812,7387,8917,1796,18728,6471,6960,6746,20248,1876,499,-396,2188,3614,4947,-778,7183,583,65,-226,328,742,296,-663,129,708,443,161,1313,32825,36355,66889
"Jun-2002",9377,5933,-7565,5511,6677,1962,-436,8834,6306,5205,10093,21672,1407,311,-371,1554,3227,1895,-948,3577,479,-150,-302,-66,723,81,-181,371,651,68,-281,440,28852,15300,41860
"Sep-2002",8450,10844,-7317,9852,6231,6144,-489,12609,5268,8777,9565,23747,1060,706,107,2095,2852,2951,-778,4465,480,40,40,474,716,192,-827,-182,678,242,-293,628,25740,29889,53661
"Dec-2002",10587,9885,-9561,8782,7045,6606,273,14641,5756,6991,11033,23921,1254,1153,-568,2061,3226,3865,-899,5633,431,570,466,1372,672,-161,-769,-520,631,21,35,695,29607,28931,56570
"Mar-2003",10787,15031,-7417,16271,7268,10691,517,19190,6667,7697,7943,22448,1528,1486,-385,2847,3347,5717,-286,8221,487,349,842,1578,796,-13,-1011,-481,693,630,-195,1133,31580,41574,71187
"Jun-2003",10149,5159,-8172,5003,6601,3336,-1044,9595,6644,3657,9443,19882,1401,559,-345,1829,3439,3042,-9,5910,351,55,645,958,762,307,-161,657,618,-8,-349,274,29972,16104,44109
"Sep-2003",8878,7722,-7741,6823,6634,7107,-475,14017,5992,6959,8866,21988,1153,982,-588,1794,2804,3983,410,6689,377,162,851,1295,668,266,-624,56,658,49,-691,30,27168,27224,52692
"Dec-2003",10151,7481,-8616,6971,7380,5435,-1219,12350,6439,6747,10101,23451,1408,1217,-334,2534,2890,3977,344,6700,576,294,799,1582,658,4,-487,-73,719,58,-579,209,30224,25202,53726
"Mar-2004",11413,11640,-7239,13771,7762,9740,-365,17894,6747,7782,7675,22361,1489,1480,-946,2267,3850,3990,686,8015,468,205,779,1367,740,226,-425,301,703,408,-155,964,33177,35472,66950
"Jun-2004",9023,2977,-7502,2455,6575,2738,-992,9079,6123,3911,8856,19049,1358,626,-1042,1195,3570,1684,655,5397,309,39,145,400,689,152,49,654,595,-59,-161,380,28248,12068,38617
"Sep-2004",8592,9151,-6116,9681,7247,8892,-672,16210,6282,6152,7315,19882,1078,1483,-468,2332,3147,3876,463,6971,520,243,158,817,638,464,-11,864,711,131,-663,191,28216,30393,56955
"Dec-2004",9910,7901,-7071,8790,7160,6438,-554,13788,5946,7909,8506,22499,1386,1482,-1063,2041,3301,4424,508,7728,520,440,-71,783,578,80,-95,330,689,-179,-152,367,29492,28492,56326
"Mar-2005",11677,13768,-6828,16669,7881,13482,-910,21195,7736,9265,7467,24600,1879,3138,-1017,4236,4033,6131,739,10403,549,430,107,977,660,272,342,1040,719,584,108,1418,35142,47067,80550
"Jun-2005",11201,4385,-6306,7331,7620,3480,-934,10904,8103,6229,7083,21543,1536,917,-678,2006,3792,2729,531,6563,550,-68,73,447,682,188,374,1008,656,-50,-135,483,34144,17811,50291
"Sep-2005",10493,10786,-5563,14223,7176,9955,-1033,16995,7193,8406,6313,22000,1181,2550,-724,3200,3568,5108,992,9152,585,217,-6,691,704,365,20,854,679,69,11,778,31584,37449,67883
"Dec-2005",11236,8641,-7787,10594,7866,8892,-694,16962,7038,8277,8278,23681,1471,2130,-947,2848,3592,5952,556,9577,712,463,132,1205,613,262,-10,626,749,71,486,1328,33286,34682,66816
"Mar-2006",10033,15160,-6188,17505,8341,15469,298,25004,7851,10077,5464,23478,1868,3432,-205,5283,4144,7510,1387,12514,748,383,13,1042,724,768,-295,962,815,413,-463,794,34529,53211,86589
"Jun-2006",10763,3936,-6038,7162,7324,5245,-402,13059,7497,6192,6552,20339,1338,1701,-835,2394,3881,3785,998,8131,382,103,-221,162,723,496,-268,710,665,-52,224,871,32574,21411,52834
"Sep-2006",11589,18905,-5523,23443,8554,14853,-203,22327,7836,10814,4853,23588,1652,3703,-500,4803,4325,7687,1076,13451,753,392,-159,1052,650,231,267,1227,845,363,158,1377,36206,56949,91316
"Dec-2006",12346,17010,-7796,20027,8539,13011,-306,20372,7731,9170,7284,24265,1592,3475,-1053,3968,4097,7221,1152,12835,802,406,-118,1161,673,25,-35,745,699,307,832,1834,36484,50625,85265
"Mar-2007",13709,23022,-6051,29199,9463,22045,-556,30109,8927,14047,5619,28686,2176,4820,-1033,5906,4626,10277,1490,16766,651,447,-55,1110,762,477,43,1343,747,913,506,2163,41063,76048,115270
"Jun-2007",12570,14633,-6901,18797,8237,12630,-552,19448,8649,12114,5625,26487,1628,2635,-785,3413,4287,6196,1644,12506,582,192,-205,637,737,420,168,1376,776,353,969,2100,37472,49174,84805
"Sep-2007",11319,20903,-4892,25580,8672,17509,-148,24993,8511,10750,4775,23940,1558,3345,-888,3918,4192,9211,932,14637,582,422,247,1285,665,266,426,1432,772,407,-485,697,36276,62813,96538
"Dec-2007",12601,18339,-5070,24116,9023,14288,-1302,20988,8441,10770,5934,25032,1975,3029,-958,3952,4387,8743,789,14230,638,408,225,1311,706,214,440,1438,740,204,-98,835,38516,55995,91961
"Mar-2008",13675,29416,-5330,36055,9457,24930,118,33497,9382,17953,4248,31489,2131,5236,-1351,5919,5026,13449,1757,20546,735,734,193,1694,736,483,19,1294,740,1260,309,2301,41891,93462,132807
"Jun-2008",12041,18731,-5488,23554,8166,16835,-592,23375,9224,14434,4452,28026,1669,3717,-1024,4257,4551,9773,1513,16148,640,271,65,1016,743,660,504,1962,711,647,534,1891,37749,65068,100271
"Sep-2008",11312,25036,-5323,28934,8463,22776,138,30174,8487,15873,4447,28486,1621,4709,-1127,5060,4203,13744,1684,19882,548,597,355,1494,720,505,299,1590,806,883,-506,1175,36164,84123,116850
"Dec-2008",13627,23244,-5386,29387,9126,18684,111,26736,8940,14580,4369,27560,1758,3955,-1418,4155,4385,11223,1499,17346,706,487,513,1712,620,322,59,1062,824,535,211,1558,39990,73034,109576
"Mar-2009",13333,23899,-4537,30641,8827,25867,872,34387,9695,17643,3031,30054,1987,5563,-1147,6262,4806,12971,1356,19389,672,733,261,1657,744,447,156,1396,723,1572,-27,2250,40790,88696,126051
"Jun-2009",12266,14564,-3421,21332,8778,16289,402,24262,9397,11223,2855,23166,1835,3778,-710,4760,4828,6390,473,11933,673,310,-66,922,806,825,420,2105,813,618,13,1434,39399,54013,89977
"Sep-2009",12466,17707,-2197,25420,8904,18998,419,26940,8739,11200,2082,21364,1707,4605,-406,5691,4538,8179,218,13105,593,473,87,1115,714,374,75,1228,885,980,-308,1525,38549,62516,96435
"Dec-2009",13435,13994,-2536,22329,9904,10933,899,20375,8697,7259,2023,17319,1757,3227,-788,3985,4535,5301,398,10392,588,410,30,993,719,44,-284,528,860,498,221,1549,40499,41675,77535
"Mar-2010",13881,17556,-2065,26852,10006,16227,1057,25923,9767,10638,589,20347,2169,4355,-848,5455,5078,8769,810,14842,618,694,456,1721,762,339,-329,817,962,1282,297,2502,43244,59859,98474
"Jun-2010",13254,7895,-2660,15936,8850,7521,939,15929,9395,6723,1478,16943,1823,2350,-667,3289,4783,6617,693,12256,510,102,91,665,769,474,-123,1178,886,325,217,1405,40274,32008,67653
"Sep-2010",12247,11970,-2293,18434,8666,10269,334,17609,8880,7541,1608,16726,1535,2512,-808,2908,4503,8678,1397,14570,494,222,49,634,704,247,-288,682,797,336,4,1072,37829,41776,72652
"Dec-2010",11876,12623,-3831,17165,8646,9197,801,17001,8240,6768,1709,15412,1616,1677,-715,2252,4272,7833,1557,13648,535,212,118,738,668,27,-859,-161,777,58,1222,1995,36631,38395,68067
"Mar-2011",13703,17961,-3360,24846,9312,15683,1327,24667,9503,11386,1490,21089,2083,2932,-400,4277,5296,11206,2038,18548,671,486,1,1029,745,271,-1077,-75,953,1033,-16,1904,42269,60970,96289
"Jun-2011",12172,9121,-4012,13792,8548,9482,1072,17439,9181,8934,1988,18807,1836,2047,-691,2855,5057,8708,2041,15798,502,73,-215,235,828,555,-325,1068,855,311,144,1248,38985,39231,71266
"Sep-2011",11063,14098,-3698,20999,9107,13291,505,26845,7918,11226,2638,21326,1753,2771,-855,3788,4659,11922,1444,16203,563,392,-209,397,722,781,37,1289,841,962,139,1903,36633,55444,92747
"Dec-2011",11684,12985,-4999,19194,9627,12606,978,27156,8353,9376,3271,20545,1829,2682,-858,3781,4581,11441,2137,16335,564,296,-640,-141,614,462,-458,371,902,745,570,2182,38163,50595,89426
"Mar-2012",13729,17902,-4948,26260,10401,18396,759,33536,10084,14157,3197,26964,2094,4271,-943,5533,5470,15822,2672,22161,508,623,-522,254,800,1119,-340,1323,983,1716,125,2783,44073,74006,118746
"Jun-2012",11945,12241,-4470,19262,9715,11881,175,25737,9078,11779,2676,23074,1818,2634,-564,4009,5260,11595,2356,17399,431,213,-554,-269,858,964,70,1640,838,596,311,1686,39953,51902,92522
"Sep-2012",11114,16536,-3786,23370,9056,15665,582,29329,8099,12846,2983,23413,1537,2861,-1038,3473,4667,13087,1484,17369,359,307,-450,-142,717,1097,38,1602,959,946,186,2047,36519,63345,100457
"Dec-2012",13358,16456,-3718,25575,10591,12811,1732,29166,9176,8482,2069,19204,1920,2108,-1271,2884,5423,9461,1592,14613,408,439,-249,231,664,939,-149,1211,974,297,-6,1226,42519,50995,94101
"Mar-2013",13255,20704,-3725,29768,10488,18901,1882,35329,9423,12250,1990,23126,2138,3986,-1269,4974,5655,12339,1601,17753,489,564,-253,427,757,1169,-291,1379,951,1307,65,2270,43162,71220,114981
"Jun-2013",11918,13067,-3416,21075,9819,11657,2224,27754,8829,8253,1832,18394,1768,2723,-1183,3432,5306,7251,999,11702,392,304,-334,-9,804,1149,-79,1615,914,365,-43,1175,39758,44769,85125
"Sep-2013",10275,18629,-1713,26872,9554,16143,2051,31830,8752,8257,1515,17960,1521,3156,-974,3825,5000,6300,-32,9341,391,516,-256,279,678,425,-270,579,996,804,-321,1433,37172,54230,92102
"Dec-2013",11654,15183,-2466,24034,9761,11802,2439,28086,8444,4702,2089,14655,1655,2269,-1319,2739,5115,3171,-459,5903,391,407,83,505,697,450,-896,3,979,172,529,1628,38699,38160,77546
"Mar-2014",12341,21805,-957,32896,10589,19573,2655,36926,9665,9754,911,19748,2140,4061,-837,5492,5699,7143,-570,10368,507,589,-44,666,720,645,-622,486,1007,1463,-536,1872,42676,65032,108416
"Jun-2014",11073,11375,-1615,20519,9315,9388,2594,25406,8760,4504,1779,14466,1876,2154,-760,3401,5494,2136,-663,5052,251,289,-218,-60,769,232,-633,104,881,276,-484,609,38429,30356,69493
"Sep-2014",9978,19303,-1184,27924,9341,16879,1703,32282,8153,5740,1653,14960,1380,2573,-926,3188,5159,3936,-696,6434,332,376,-65,277,643,236,-305,307,928,1144,-180,1855,35914,50187,87215
"Dec-2014",12029,15869,-1826,25894,10112,12553,3289,30313,8375,3035,1836,12650,1756,2186,-1134,2974,5298,2297,-1058,4577,330,471,-297,142,660,28,-879,-448,978,330,69,1327,39546,36770,77430
"Mar-2015",12461,22897,-1662,33560,10092,20105,3105,37693,8412,7978,1382,17176,1795,4297,-937,5326,5501,5620,-1188,7985,400,601,148,772,763,715,-896,306,967,1555,47,2510,40396,63767,105298
"Jun-2015",10455,12240,-2104,20437,8598,11157,2982,27117,8177,3681,1990,13253,1541,2096,-1573,2235,5138,2218,-1336,4068,267,75,341,305,791,1375,-261,1633,946,467,-39,1322,35923,33309,70366
"Sep-2015",10185,20471,-2006,29156,9224,18147,2661,35236,7576,4594,2119,13828,1205,2709,-1272,3035,4880,3304,-1425,4837,117,486,315,580,674,-284,-298,-122,896,952,-96,1727,34757,50381,88276
"Dec-2015",11479,17230,-3131,26077,10306,14782,5197,35491,7410,3227,3250,13413,1671,2149,-1972,2234,5205,1599,-2651,2236,248,251,-185,-3,623,-262,-626,-480,962,296,113,1334,37909,39273,80310
"Mar-2016",12677,26055,-3262,36011,10943,24794,4602,45578,9012,9874,3187,21605,1970,3898,-1865,4397,5821,5362,-2511,6761,499,771,240,1167,754,615,-612,537,998,1643,214,2799,42678,73013,118844
"Jun-2016",11814,16251,-3140,25446,9652,14492,5179,34545,8388,7257,3430,18614,1693,2527,-2103,2509,5456,1356,-3423,1472,330,263,390,653,786,979,-493,1051,878,439,152,1431,39007,43566,87482
"Sep-2016",10332,30126,-2454,35057,9347,24517,2432,32680,7657,9353,3379,20151,1370,3418,-1420,4432,4731,3803,-2395,8514,242,554,309,2092,690,560,-218,765,912,1322,367,2936,35289,73657,106623
"Dec-2016",11344,23770,-4462,27710,9564,19105,4893,29929,7296,5943,4626,17636,1283,2264,-2305,2305,4953,1442,-3669,5114,214,689,485,2375,700,-67,-746,-378,883,443,1178,2838,36238,53593,87534
"Mar-2017",12366,33051,-4608,37838,10692,31795,3945,42774,7949,11370,4351,23431,1726,4219,-1346,5673,5260,5141,-3088,9670,279,828,506,2593,687,434,-697,166,941,1930,937,4139,39902,88769,126345
"Jun-2017",10695,18555,-4440,21853,9395,15826,2478,24053,7705,7409,5138,20010,1304,2274,-1229,3420,5196,1623,-2749,6444,295,273,641,2188,784,918,-272,1181,807,453,433,2029,36173,47332,81179
"Sep-2017",8451,28130,-4092,29436,8304,24565,1711,30906,6696,7040,5369,18749,922,3571,-1202,4382,4591,3720,-2288,8418,-82,987,685,2588,604,100,-340,102,804,1629,157,2918,30290,69732,97483
"Dec-2017",10889,15192,-6843,16194,10309,14946,3130,24696,6754,1818,7607,15836,1110,2039,-1641,2599,4924,1218,-2746,5790,213,483,515,2211,621,-210,-806,-652,813,336,784,2262,35640,35828,68947
"Mar-2018",12484,30281,-5942,33742,10665,30962,2456,40376,8262,11337,5753,24990,1736,4715,-950,6601,5140,4733,-1861,10392,387,815,995,3193,671,317,-929,-188,834,1941,478,3584,40176,85105,122733
"Jun-2018",11430,17047,-5622,19788,9851,16495,1804,24452,7644,7546,5834,20668,1263,2399,-879,3882,4653,2309,-1878,7472,185,518,834,2537,718,551,-602,421,747,692,509,2271,36498,47559,81507
"Sep-2018",10545,27542,-4749,30049,8695,25574,1373,31938,6959,9596,4883,20920,982,4319,-704,5712,4379,4361,-847,10329,237,1129,566,2950,625,51,-513,-89,759,1259,-9,2336,33184,73828,104141
"Dec-2018",11402,18016,-7098,19039,9563,16506,2365,24719,7181,5258,6954,18891,1379,2531,-1154,3866,4612,3147,-1913,8283,312,703,649,2686,584,-363,-1065,-1086,826,-76,1262,2341,35863,45728,78741
"Mar-2019",11985,26960,-6209,29427,10210,30510,2033,39021,7908,11294,5189,23872,1502,5171,-619,7174,4644,6632,-453,13237,314,1026,527,2876,673,553,-888,96,886,1399,420,3043,38122,83554,118792
"Jun-2019",10799,12025,-5774,13757,8719,12886,709,18589,7832,5601,5620,18541,1108,3120,-836,4506,4410,3344,-194,9984,221,327,469,2038,642,691,-546,543,820,227,552,1929,34550,38228,69894
"Sep-2019",10026,23289,-5164,24602,8178,25930,61,30593,6416,10440,5598,21693,1183,5081,-773,6611,4495,7901,-195,14621,193,841,45,2106,597,4,-217,118,914,1030,645,2903,31996,74525,103247
"Dec-2019",11010,17010,-7466,17011,8835,15737,1159,22152,6808,6580,6548,19201,1203,3271,-657,4922,4808,7628,-304,14553,285,1773,311,3393,550,-257,-503,-464,836,-423,912,1634,34335,51313,82395
"Mar-2020",11348,21509,-5647,23640,9166,21407,-386,26586,7273,12468,5580,24564,1317,6557,-73,8919,4653,9991,505,17551,320,1061,236,2635,655,598,-253,756,831,1579,38,2768,35563,75179,107456
"Jun-2020",10285,-3945,-4173,-1391,7959,-2477,-3486,-1590,7542,-1514,6033,11308,1115,29,250,2508,4250,-363,262,6562,312,-37,296,1603,698,-56,74,459,762,49,744,1868,32925,-8314,21324
"Sep-2020",9794,-10075,-7338,-11705,7625,-20667,-7109,-23609,6978,-6781,8939,7458,968,-1243,874,1823,4203,-2317,2831,7089,276,-283,797,1849,604,-213,238,327,787,-990,768,846,31234,-42551,-15907
"Dec-2020",9844,-487,-9883,-4605,8315,-18680,-10431,-24242,6303,-5172,11792,11258,1110,-1287,1297,2336,4032,-2155,3941,8186,222,-113,1304,2454,580,-268,50,64,796,-1109,1930,1901,31204,-29271,-2643
"Mar-2021",13071,-806,-9445,-1285,10424,-9881,-8960,-11893,8517,-1701,10090,15219,1863,-763,1755,4072,5127,-633,4062,10918,381,133,1397,2959,755,43,-142,366,969,-591,1243,1923,41105,-14190,22307
"Jun-2021",11356,4132,-7342,4047,8923,-3831,-9122,-7480,7736,808,9402,16266,1419,454,925,4015,4717,12,3169,10260,300,-57,1099,2399,712,16,-465,-34,766,-450,2334,2935,35936,1082,32407
"Sep-2021",10241,-6185,-12615,-8559,8397,-4938,1699,5158,6998,-1486,13930,19442,950,-463,-1020,-533,4238,-701,312,3849,180,134,-625,-311,537,512,-813,236,825,-637,-868,-680,32361,-13763,18598
"Dec-2021",11428,14754,-13462,12720,8292,13096,-8276,13112,6524,1593,17639,25756,1129,1886,650,3665,4510,110,5181,9801,247,1232,221,1700,582,146,-990,-262,896,909,-963,842,33610,33737,67347
"Mar-2022",9771,35866,-9172,36465,7750,35382,-4356,38776,6764,15934,10546,33244,1243,8017,449,9709,4411,7179,2647,14237,224,1229,191,1644,640,1070,-310,1400,853,2129,5,2987,31658,106835,138493
"Jun-2022",8425,24677,-4086,29016,7185,22510,-3932,25763,6439,13581,6665,26685,739,4882,152,5773,3594,8749,2199,14542,186,759,-166,779,543,607,-447,703,658,985,-385,1258,27768,76781,104549
"Sep-2022",6521,42609,-7985,41145,6040,37567,-783,42824,4923,18994,7053,30970,626,7239,259,8124,3482,14748,2634,20864,66,833,-262,637,557,481,-529,509,656,2398,-387,2667,22875,124895,147770
"Dec-2022",8260,42457,-10317,40400,7246,37597,-884,43959,5223,19128,10281,34632,760,6039,-190,6609,3516,15599,3113,22228,188,1475,-704,959,515,906,-838,583,621,1450,-461,1610,26332,124639,150971
"Mar-2023",8990,52442,-7825,53607,7886,50020,-45,57861,5720,26522,7071,39313,944,9708,-64,10588,3521,20995,3175,27691,249,1461,-862,848,532,1327,-931,928,670,3017,-519,3168,28517,165500,194017
"Jun-2023",7782,40493,-8031,40244,6883,34582,-151,41314,5402,21246,7850,34498,526,6315,-414,6427,3214,15234,2708,21156,17,963,-769,211,605,1177,-969,813,697,1498,-224,1971,25136,121513,146649
"Sep-2023",7556,51231,-7029,51758,7851,42950,-39,50762,5735,23316,7423,36474,718,7760,-339,8139,4336,18516,2237,25089,91,975,-744,322,529,1094,-868,755,620,2426,-641,2405,27435,148294,175729
"Dec-2023",8190,34960,-8793,34357,4646,31944,-40,36550,4405,16764,9251,30420,783,4975,-472,5286,2904,14169,2589,19662,97,1488,-896,689,365,823,-1189,-1,711,1021,-450,1282,22096,106145,128241
"Mar-2024",7248,41464,-7330,41382,12302,42264,767,55333,5330,21468,6406,33204,894,6998,-461,7431,3630,16983,2505,23118,116,1278,-451,943,683,826,-1061,448,637,2523,-375,2785,30833,133802,164635
