"Year","State","Population","TotalPopulation","PopulationPercentage"
1982,"Australian Capital Territory",233202.25,15208528.5,1.5333649800505
1982,"New South Wales",5308441.5,15208528.5,34.9043728984037
1982,"Northern Territory",131052,15208528.5,0.86170072272278
1982,"Queensland",2432582,15208528.5,15.994854466032
1982,"South Australia",1332912.75,15208528.5,8.76424533773928
1982,"Tasmania",430143,15208528.5,2.82830123900547
1982,"Victoria",3997278.5,15208528.5,26.2831377802264
1982,"Western Australia",1342916.5,15208528.5,8.83002257581988
1983,"Australian Capital Territory",239497.25,15415553.75,1.5536078293652
1983,"New South Wales",5358911.25,15415553.75,34.7630149192662
1983,"Northern Territory",136976.5,15415553.75,0.888560360668198
1983,"Queensland",2487162.25,15415553.75,16.1341090325737
1983,"South Australia",1347682.25,15415553.75,8.74235380613557
1983,"Tasmania",433369.75,15415553.75,2.81124996888289
1983,"Victoria",4040159.75,15415553.75,26.2083335799728
1983,"Western Australia",1371794.75,15415553.75,8.89877050313551
1984,"Australian Capital Territory",245482.75,15604190.5,1.57318478007558
1984,"New South Wales",5410049.25,15604190.5,34.6704896354604
1984,"Northern Territory",143011.75,15604190.5,0.916495796433657
1984,"Queensland",2530089,15604190.5,16.2141637529996
1984,"South Australia",1361125.75,15604190.5,8.72282192402099
1984,"Tasmania",438218.5,15604190.5,2.80833856777127
1984,"Victoria",4081722.5,15604190.5,26.1578612488741
1984,"Western Australia",1394491,15604190.5,8.93664429436439
1985,"Australian Capital Territory",252395.5,15816311.25,1.59579244496722
1985,"New South Wales",5472695.5,15816311.25,34.601592074764
1985,"Northern Territory",149537.5,15816311.25,0.945463816665849
1985,"Queensland",2577784.5,15816311.25,16.2982661333249
1985,"South Australia",1372520,15816311.25,8.67787677104546
1985,"Tasmania",443069,15816311.25,2.80134219032899
1985,"Victoria",4125006.5,15816311.25,26.080711455397
1985,"Western Australia",1423302.75,15816311.25,8.99895511350663
1986,"Australian Capital Territory",259732,16048414.5,1.61842778923737
1986,"New South Wales",5543020.5,16048414.5,34.5393652438376
1986,"Northern Territory",154963.5,16048414.5,0.96560005974422
1986,"Queensland",2630013.75,16048414.5,16.3879973937612
1986,"South Australia",1383801.5,16048414.5,8.62266799003727
1986,"Tasmania",446939,16048414.5,2.78494177727027
1986,"Victoria",4166923.25,16048414.5,25.9647035537374
1986,"Western Australia",1463021,16048414.5,9.11629619237464
1987,"Australian Capital Territory",266423,16297855.5,1.63471200244719
1987,"New South Wales",5629765.25,16297855.5,34.5429817438251
1987,"Northern Territory",158540.5,16297855.5,0.972769086092339
1987,"Queensland",2682351.5,16297855.5,16.4583094996762
1987,"South Australia",1394526.5,16297855.5,8.55650303194798
1987,"Tasmania",449254,16297855.5,2.75652216943511
1987,"Victoria",4216544.25,16297855.5,25.8717734366954
1987,"Western Australia",1500450.5,16297855.5,9.20642902988065
1988,"Australian Capital Territory",272569.5,16575913,1.64437096164778
1988,"New South Wales",5719822.75,16575913,34.5068338015529
1988,"Northern Territory",159581.25,16575913,0.962729775427755
1988,"Queensland",2751289.25,16575913,16.5981158926208
1988,"South Australia",1407066.5,16575913,8.48862141108004
1988,"Tasmania",451601.5,16575913,2.72444419803603
1988,"Victoria",4272057.5,16575913,25.7726829285361
1988,"Western Australia",1541924.75,16575913,9.30220103109856
1989,"Australian Capital Territory",277247,16846804.75,1.64569486092014
1989,"New South Wales",5783676.75,16846804.75,34.3310012541102
1989,"Northern Territory",161500,16846804.75,0.958638759079819
1989,"Queensland",2836383.5,16846804.75,16.8363291561268
1989,"South Australia",1420774.75,16846804.75,8.43349686236495
1989,"Tasmania",456107.5,16846804.75,2.70738283471826
1989,"Victoria",4327976,16846804.75,25.6901891143482
1989,"Western Australia",1583139.25,16846804.75,9.39726715833161
1990,"Australian Capital Territory",282888.25,17090416,1.65524496302489
1990,"New South Wales",5841050.75,17090416,34.1773468240913
1990,"Northern Territory",163926.25,17090416,0.959170625220591
1990,"Queensland",2906426,17090416,17.0061746887846
1990,"South Australia",1433994,17090416,8.39063250420587
1990,"Tasmania",462561.75,17090416,2.70655641149987
1990,"Victoria",4383757.5,17090416,25.6503849877031
1990,"Western Australia",1615811.5,17090416,9.45448899546974
1991,"Australian Capital Territory",289665,17309825,1.67341379823308
1991,"New South Wales",5906691.25,17309825,34.1233446900821
1991,"Northern Territory",166152,17309825,0.95987105588878
1991,"Queensland",2968722,17309825,17.1505026769479
1991,"South Australia",1447392.25,17309825,8.36168043293332
1991,"Tasmania",467239.25,17309825,2.69927194526808
1991,"Victoria",4424568.75,17309825,25.5610253136586
1991,"Western Australia",1639394.5,17309825,9.47089008698817
1992,"Australian Capital Territory",295244.25,17500089.5,1.68710137168156
1992,"New South Wales",5963196.25,17500089.5,34.0752328723805
1992,"Northern Territory",169046,17500089.5,0.965972202599307
1992,"Queensland",3032951.75,17500089.5,17.3310642211287
1992,"South Australia",1455755.25,17500089.5,8.31855888508456
1992,"Tasmania",470278.25,17500089.5,2.68729054214266
1992,"Victoria",4452103.25,17500089.5,25.4404598902194
1992,"Western Australia",1661514.5,17500089.5,9.49432001476335
1993,"Australian Capital Territory",299869.25,17660457.5,1.69796988554798
1993,"New South Wales",6003827.25,17660457.5,33.9958760977738
1993,"Northern Territory",172375.25,17660457.5,0.976052007712711
1993,"Queensland",3106086.25,17660457.5,17.5878017316369
1993,"South Australia",1459483.75,17660457.5,8.26413330458738
1993,"Tasmania",472352,17660457.5,2.67463059776339
1993,"Victoria",4464390.75,17660457.5,25.2790209426908
1993,"Western Australia",1682073,17660457.5,9.52451543228707
1994,"Australian Capital Territory",302507.5,17829785.25,1.6966412985821
1994,"New South Wales",6054211.25,17829785.25,33.9556038679714
1994,"Northern Territory",175362.25,17829785.25,0.98353540180749
1994,"Queensland",3175239,17829785.25,17.8086216714248
1994,"South Australia",1463334.25,17829785.25,8.20724551351509
1994,"Tasmania",473672.5,17829785.25,2.65663603547889
1994,"Victoria",4476645.5,17829785.25,25.1076804192019
1994,"Western Australia",1708813,17829785.25,9.5840357920183
1995,"Australian Capital Territory",306282,18031614,1.6985833880428
1995,"New South Wales",6115522.25,18031614,33.9155565885561
1995,"Northern Territory",180455.25,18031614,1.00077147836017
1995,"Queensland",3245638.5,18031614,17.9997115066904
1995,"South Australia",1465616.75,18031614,8.12803973066415
1995,"Tasmania",474753.75,18031614,2.63289658929034
1995,"Victoria",4503172,18031614,24.9737599751193
1995,"Western Australia",1740173.5,18031614,9.65068074327678
1996,"Australian Capital Territory",309755.75,18250003.5,1.69729145531397
1996,"New South Wales",6186766.5,18250003.5,33.9000839095729
1996,"Northern Territory",185486.5,18250003.5,1.01636418864248
1996,"Queensland",3310469.25,18250003.5,18.139554055428
1996,"South Australia",1469838.25,18250003.5,8.05390667459324
1996,"Tasmania",475536.75,18250003.5,2.60568032219829
1996,"Victoria",4539985.25,18250003.5,24.8766267359894
1996,"Western Australia",1772165.25,18250003.5,9.71049265826168
1997,"Australian Capital Territory",310495.5,18444763.75,1.68338019509738
1997,"New South Wales",6254100.75,18444763.75,33.9071881579399
1997,"Northern Territory",189982.75,18444763.75,1.03000912657393
1997,"Queensland",3362193,18444763.75,18.2284416627456
1997,"South Australia",1476618.5,18444763.75,8.00562436046382
1997,"Tasmania",474773.75,18444763.75,2.57402998723689
1997,"Victoria",4574746,18444763.75,24.8024103859828
1997,"Western Australia",1801853.5,18444763.75,9.76891612395957
1998,"Australian Capital Territory",311647.5,18633251.5,1.67253417901862
1998,"New South Wales",6315990,18633251.5,33.8963384892862
1998,"Northern Territory",193264.75,18633251.5,1.03720357126076
1998,"Queensland",3410387,18633251.5,18.3026939769476
1998,"South Australia",1484257.25,18633251.5,7.96563739828231
1998,"Tasmania",473573,18633251.5,2.54154783452582
1998,"Victoria",4613623.75,18633251.5,24.7601646443725
1998,"Western Australia",1830508.25,18633251.5,9.82387990630621
1999,"Australian Capital Territory",314475.25,18839745.5,1.66921177358792
1999,"New South Wales",6384681.5,18839745.5,33.8894254171321
1999,"Northern Territory",196456.75,18839745.5,1.04277815217833
1999,"Queensland",3460891.25,18839745.5,18.3701592465779
1999,"South Australia",1492227.75,18839745.5,7.92063645445741
1999,"Tasmania",473173.5,18839745.5,2.51157055173596
1999,"Victoria",4660205.25,18839745.5,24.7360308025392
1999,"Western Australia",1857634.25,18839745.5,9.86018760179112
2000,"Australian Capital Territory",317746.5,19058037.5,1.66725718742027
2000,"New South Wales",6457269.75,19058037.5,33.8821337191723
2000,"Northern Territory",199328.5,19058037.5,1.04590254899016
2000,"Queensland",3516930.25,19058037.5,18.4537901659602
2000,"South Australia",1498348.5,19058037.5,7.86202934063909
2000,"Tasmania",473165.25,19058037.5,2.48275957060112
2000,"Victoria",4712229,19058037.5,24.7256780767694
2000,"Western Australia",1883019.75,19058037.5,9.88044939044747
2001,"Australian Capital Territory",321720,19301324.75,1.66682859423937
2001,"New South Wales",6536892,19301324.75,33.8675820684277
2001,"Northern Territory",201569.5,19301324.75,1.04432987170997
2001,"Queensland",3582526.75,19301324.75,18.5610407389265
2001,"South Australia",1504644.25,19301324.75,7.79554911120803
2001,"Tasmania",473687.5,19301324.75,2.45417092420042
2001,"Victoria",4770901,19301324.75,24.7179976597202
2001,"Western Australia",1909383.75,19301324.75,9.89250103156779
2002,"Australian Capital Territory",325004.75,19523330,1.66469936225019
2002,"New South Wales",6586550.75,19523330,33.7368202555609
2002,"Northern Territory",201937.25,19523330,1.03433814825647
2002,"Queensland",3665558.75,19523330,18.775274248809
2002,"South Australia",1512741.25,19523330,7.74837719794728
2002,"Tasmania",474748.5,19523330,2.43169838342127
2002,"Victoria",4825530.25,19523330,24.7167376159702
2002,"Western Australia",1931258.5,19523330,9.89205478778467
2003,"Australian Capital Territory",327355.75,19747151,1.65773660210529
2003,"New South Wales",6624618.5,19747151,33.5472114433115
2003,"Northern Territory",201570.5,19747151,1.02075737406373
2003,"Queensland",3755007.25,19747151,19.015437973812
2003,"South Australia",1521472.25,19747151,7.70476839924909
2003,"Tasmania",479337.5,19747151,2.42737547304925
2003,"Victoria",4881506.25,19747151,24.7200532876869
2003,"Western Australia",1956283,19747151,9.90665944672221
2004,"Australian Capital Territory",329032.25,19963269.25,1.64818820945372
2004,"New South Wales",6657159.25,19963269.25,33.3470393382587
2004,"Northern Territory",203014,19963269.25,1.01693764411859
2004,"Queensland",3840773.5,19963269.25,19.2392010141325
2004,"South Australia",1529566.5,19963269.25,7.6619038737856
2004,"Tasmania",483682.25,19963269.25,2.42286092494595
2004,"Victoria",4936431.25,19963269.25,24.7275693584106
2004,"Western Australia",1983610.25,19963269.25,9.93629963689439
2005,"Australian Capital Territory",331999.25,20212543.5,1.64254068272011
2005,"New South Wales",6701133.25,20212543.5,33.1533399049951
2005,"Northern Territory",206236.5,20212543.5,1.0203391770066
2005,"Queensland",3930028.5,20212543.5,19.4435128859463
2005,"South Australia",1540614.5,20212543.5,7.62207141322912
2005,"Tasmania",486737,20212543.5,2.40809376613092
2005,"Victoria",4999258,20212543.5,24.7334433689654
2005,"Western Australia",2016536.5,20212543.5,9.97665880100642
2006,"Australian Capital Territory",336099.25,20502315.75,1.63932335302172
2006,"New South Wales",6757627.75,20502315.75,32.9603144952053
2006,"Northern Territory",209679.25,20502315.75,1.02271008093317
2006,"Queensland",4020767.5,20502315.75,19.6112846423214
2006,"South Australia",1555324,20502315.75,7.5860893909021
2006,"Tasmania",490077.75,20502315.75,2.3903531482779
2006,"Victoria",5074257.75,20502315.75,24.7496810207891
2006,"Western Australia",2058482.5,20502315.75,10.0402438685493
2007,"Australian Capital Territory",342676.25,20875133.5,1.64155237618001
2007,"New South Wales",6848275.75,20875133.5,32.8059015766294
2007,"Northern Territory",214479.5,20875133.5,1.02744013589183
2007,"Queensland",4122624.25,20875133.5,19.7489719047785
2007,"South Australia",1572712.75,20875133.5,7.53390511251102
2007,"Tasmania",494073,20875133.5,2.3668016302746
2007,"Victoria",5166403.5,20875133.5,24.7490800477995
2007,"Western Australia",2113888.5,20875133.5,10.1263472159352
2008,"Australian Capital Territory",348872.25,21307235.25,1.63734171001843
2008,"New South Wales",6959386.25,21307235.25,32.6620801260454
2008,"Northern Territory",220444,21307235.25,1.03459692171935
2008,"Queensland",4233631.5,21307235.25,19.8694549073419
2008,"South Australia",1591169.5,21307235.25,7.46774267675108
2008,"Tasmania",499489,21307235.25,2.34422248658469
2008,"Victoria",5272302.25,21307235.25,24.7441875407087
2008,"Western Australia",2181940.5,21307235.25,10.2403736308304
2009,"Australian Capital Territory",355576.25,21733860,1.63604739333004
2009,"New South Wales",7066714.25,21733860,32.5147684304583
2009,"Northern Territory",226246.75,21733860,1.0409874269918
2009,"Queensland",4337991.25,21733860,19.9595987551222
2009,"South Australia",1611553.75,21733860,7.41494492924865
2009,"Tasmania",504928.25,21733860,2.32323319465571
2009,"Victoria",5384432.25,21733860,24.77439465424
2009,"Western Australia",2246417.25,21733860,10.3360252159534
2010,"Australian Capital Territory",362449.5,22065124.75,1.64263517250225
2010,"New South Wales",7153816.25,22065124.75,32.421372328747
2010,"Northern Territory",229784.25,22065124.75,1.04139112107218
2010,"Queensland",4412724.25,22065124.75,19.9986372159532
2010,"South Australia",1628516.75,22065124.75,7.380500987197
2010,"Tasmania",509182.25,22065124.75,2.30763367879894
2010,"Victoria",5470173.5,22065124.75,24.7910381743933
2010,"Western Australia",2298478,22065124.75,10.4167913213362
2011,"Australian Capital Territory",369170,22387827.25,1.64897645438103
2011,"New South Wales",7230379,22387827.25,32.2960281909447
2011,"Northern Territory",231762.25,22387827.25,1.03521546513631
2011,"Queensland",4487875.5,22387827.25,20.0460520348173
2011,"South Australia",1641739.5,22387827.25,7.33317923917784
2011,"Tasmania",511587.5,22387827.25,2.28511455929695
2011,"Victoria",5553668.75,22387827.25,24.8066446465903
2011,"Western Australia",2361644.75,22387827.25,10.5487894096556
2012,"Australian Capital Territory",377447.5,22781055.5,1.65684816491492
2012,"New South Wales",7317507.25,22781055.5,32.1210193706784
2012,"Northern Territory",236608.75,22781055.5,1.03862066443761
2012,"Queensland",4579426,22781055.5,20.1019044091263
2012,"South Australia",1658180.25,22781055.5,7.27876831694651
2012,"Tasmania",511778,22781055.5,2.24650697154923
2012,"Victoria",5666612.75,22781055.5,24.8742326710894
2012,"Western Australia",2433495,22781055.5,10.6820994312577
2013,"Australian Capital Territory",384086.75,23169330.25,1.65773781915858
2013,"New South Wales",7418207.75,23169330.25,32.0173594573369
2013,"Northern Territory",241608.5,23169330.25,1.04279449337989
2013,"Queensland",4660869.25,23169330.25,20.116547175549
2013,"South Australia",1673227.25,23169330.25,7.22173335157152
2013,"Tasmania",512499,23169330.25,2.2119715782462
2013,"Victoria",5788667,23169330.25,24.9841792470458
2013,"Western Australia",2490164.75,23169330.25,10.7476768777121
2014,"Australian Capital Territory",389906,23518386.5,1.65787733780121
2014,"New South Wales",7523658.75,23518386.5,31.9905396146117
2014,"Northern Territory",242909.5,23518386.5,1.03284934108894
2014,"Queensland",4726679,23518386.5,20.0978030529433
2014,"South Australia",1688432.25,23518386.5,7.17920104765691
2014,"Tasmania",513810,23518386.5,2.18471620066283
2014,"Victoria",5912284.75,23518386.5,25.1389896581553
2014,"Western Australia",2520706.25,23518386.5,10.7180237470798
2015,"Australian Capital Territory",396679.5,23859765.5,1.66254567757592
2015,"New South Wales",7632156,23859765.5,31.9875566253994
2015,"Northern Territory",244102.75,23859765.5,1.0230727120935
2015,"Queensland",4784646,23859765.5,20.0531979243467
2015,"South Australia",1702185.25,23859765.5,7.13412397116812
2015,"Tasmania",515330,23859765.5,2.15982843586623
2015,"Victoria",6042033.5,23859765.5,25.3231051243986
2015,"Western Australia",2542632.5,23859765.5,10.6565695291515
2016,"Australian Capital Territory",404923.75,24240064.5,1.67047307155474
2016,"New South Wales",7750952.5,24240064.5,31.9757915660662
2016,"Northern Territory",245703.25,24240064.5,1.01362457183231
2016,"Queensland",4854983,24240064.5,20.0287544614413
2016,"South Australia",1715008,24240064.5,7.07509668548943
2016,"Tasmania",518990.5,24240064.5,2.14104422040626
2016,"Victoria",6188358,24240064.5,25.529461771853
2016,"Western Australia",2561145.5,24240064.5,10.5657536513568
2017,"Australian Capital Territory",416563.25,24633606,1.69103642398113
2017,"New South Wales",7868619.25,24633606,31.9426203780315
2017,"Northern Territory",247004.75,24633606,1.00271454370099
2017,"Queensland",4934711,24633606,20.0324345530248
2017,"South Australia",1730658.75,24633606,7.02560051500377
2017,"Tasmania",528061.75,24633606,2.14366402547804
2017,"Victoria",6318221.75,24633606,25.6487895032502
2017,"Western Australia",2589765.5,24633606,10.5131400575295
2018,"Australian Capital Territory",427266.5,25009917.5,1.70838828236838
2018,"New South Wales",7969313.25,25009917.5,31.8646123082973
2018,"Northern Territory",246673.75,25009917.5,0.986303733308996
2018,"Queensland",5016638.75,25009917.5,20.0585977542709
2018,"South Australia",1748989,25009917.5,6.99318180477804
2018,"Tasmania",538803.25,25009917.5,2.15435836603619
2018,"Victoria",6439073.75,25009917.5,25.7460815294573
2018,"Western Australia",2623159.25,25009917.5,10.4884762214829
2019,"Australian Capital Territory",437107.75,25384802.25,1.72192694548172
2019,"New South Wales",8059862.5,25384802.25,31.7507397561074
2019,"Northern Territory",246366.25,25384802.25,0.970526567722228
2019,"Queensland",5099858.5,25384802.25,20.0902037753711
2019,"South Australia",1770804.5,25384802.25,6.9758451634186
2019,"Tasmania",549232.75,25384802.25,2.16362823941242
2019,"Victoria",6553492.25,25384802.25,25.8165976061523
2019,"Western Australia",2668077.75,25384802.25,10.5105319463341
2020,"Australian Capital Territory",445334.25,25630490.25,1.73751748661928
2020,"New South Wales",8103954,25630490.25,31.6184119810194
2020,"Northern Territory",247492.75,25630490.25,0.965618478561876
2020,"Queensland",5169329.5,25630490.25,20.1686719589767
2020,"South Australia",1791223.5,25630490.25,6.98864314544276
2020,"Tasmania",558715.25,25630490.25,2.17988514675407
2020,"Victoria",6597578.5,25630490.25,25.741132673028
2020,"Western Australia",2716862.5,25630490.25,10.600119129598
2021,"Australian Capital Territory",451644.75,25698594.5,1.75746868179892
2021,"New South Wales",8094950.75,25698594.5,31.4995855123517
2021,"Northern Territory",248212,25698594.5,0.965858269019343
2021,"Queensland",5227907.5,25698594.5,20.343165070759
2021,"South Australia",1802247,25698594.5,7.01301777418216
2021,"Tasmania",566908.75,25698594.5,2.2059912653978
2021,"Victoria",6555549,25698594.5,25.5093678372177
2021,"Western Australia",2751174.75,25698594.5,10.7055455892734
2022,"Australian Capital Territory",458336.5,26094964.25,1.75641742831665
2022,"New South Wales",8190122.5,26094964.25,31.3858352957889
2022,"Northern Territory",250452.5,26094964.25,0.959773301854591
2022,"Queensland",5338412.75,26094964.25,20.4576358061115
2022,"South Australia",1825486,26094964.25,6.99554895922113
2022,"Tasmania",571414.5,26094964.25,2.18975007792931
2022,"Victoria",6656592,26094964.25,25.509105650528
2022,"Western Australia",2804147.5,26094964.25,10.7459334802499
2023,"Australian Capital Territory",467361.25,26732091.75,1.74831529971836
2023,"New South Wales",8366507.25,26732091.75,31.2976153465432
2023,"Northern Territory",253235,26732091.75,0.947307088305201
2023,"Queensland",5477571.5,26732091.75,20.4906206039787
2023,"South Australia",1856747.25,26732091.75,6.94576117486205
2023,"Tasmania",573986.5,26732091.75,2.14718139294131
2023,"Victoria",6840779,26732091.75,25.5901373673835
2023,"Western Australia",2895904,26732091.75,10.8330617262676
